Time,Event,Image,Sound
0,program_start,,
982,trial,1,
982,program_decision_screen,,
2363,response_R,-1,
2571,response_R,0,
2731,response_R,1,
2875,response_R,2,
2987,response_R,3,
3387,response_Lock,3,
5071,program_stimulus_image,images/PI/2383_Secretary.gif,
5207,program_stimulus_sound,,sounds/IADSPA/705_RotaryDial.mp3
11211,program_points_screen,,
11267,program_stimulus_sound,,sounds/reward/smallReward.mp3
13268,program_fixation_screen,,
14268,trial,2,
14268,program_decision_screen,,
15451,response_L,3,
15643,response_L,2,
15755,response_L,1,
15915,response_L,0,
16619,response_Lock,0,
18374,program_stimulus_image,images/NI/2352_2_BloodyKiss.gif,
18447,program_stimulus_sound,,sounds/IADSNA/277_FemScream3.mp3
24448,program_points_screen,,
24498,program_stimulus_sound,,sounds/reward/bigReward.mp3
26500,program_fixation_screen,,
27500,trial,3,
27500,program_decision_screen,,
28683,response_R,-1,
28891,response_R,0,
29050,response_R,1,
29179,response_R,2,
29307,response_R,3,
29419,response_R,4,
29595,response_Lock,4,
31585,program_stimulus_image,images/PI/2515_Harvest.gif,
31653,program_stimulus_sound,,sounds/IADSPA/810_Beethoven.mp3
37655,program_points_screen,,
37707,program_stimulus_sound,,sounds/reward/bigReward.mp3
39709,program_fixation_screen,,
40710,trial,4,
40710,program_decision_screen,,
41579,response_L,3,
41691,response_L,2,
41979,response_L,1,
42347,response_Lock,1,
44798,program_stimulus_image,images/NI/3010_mutilation.gif,
44868,program_stimulus_sound,,sounds/Freesound/KnifeSharpen.mp3
50869,program_points_screen,,
50916,program_stimulus_sound,,sounds/reward/bigReward.mp3
52916,program_fixation_screen,,
53917,trial,5,
53917,program_decision_screen,,
56091,response_Lock,3,
57981,program_stimulus_image,images/PI/2058_Baby.gif,
58038,program_stimulus_sound,,sounds/IADSPA/111_MusicBox.mp3
64041,program_points_screen,,
64087,program_stimulus_sound,,sounds/reward/smallReward.mp3
66088,program_fixation_screen,,
67090,trial,6,
67090,program_decision_screen,,
68395,response_L,1,
68571,response_L,0,
68747,response_L,-1,
69163,response_Lock,-1,
71149,program_stimulus_image,images/PI/8497_CarnivalRide.gif,
71196,program_stimulus_sound,,sounds/IADSPA/360_RollerCoaster.mp3
77198,program_points_screen,,
77243,program_stimulus_sound,,sounds/reward/smallReward.mp3
79244,program_fixation_screen,,
80245,trial,7,
80245,program_decision_screen,,
81226,response_R,1,
81419,response_R,2,
81611,response_R,3,
82010,response_Lock,3,
84402,program_stimulus_image,images/PI/2340_Family.gif,
84467,program_stimulus_sound,,sounds/Freesound/Manlaughing_hard.mp3
90469,program_points_screen,,
90514,program_stimulus_sound,,sounds/reward/smallReward.mp3
92515,program_fixation_screen,,
93515,trial,8,
93515,program_decision_screen,,
94619,response_L,2,
94795,response_L,1,
94938,response_L,0,
95211,response_L,-1,
95386,response_L,-2,
95466,response_L,-3,
95627,response_L,-4,
95963,response_Lock,-4,
97616,program_stimulus_image,images/PI/7620_Jet.gif,
97672,program_stimulus_sound,,sounds/IADSPA/400_Jet.mp3
103674,program_points_screen,,
103719,program_stimulus_sound,,sounds/reward/smallReward.mp3
105720,program_fixation_screen,,
106720,trial,9,
106720,program_decision_screen,,
108106,response_L,2,
108314,response_L,1,
108699,response_Lock,1,
110847,program_stimulus_image,images/PI/4533_AttractiveMan.gif,
110904,program_stimulus_sound,,sounds/IADSPA/815_RocknRoll.mp3
116906,program_points_screen,,
116951,program_stimulus_sound,,sounds/reward/smallReward.mp3
118953,program_fixation_screen,,
119953,trial,10,
119953,program_decision_screen,,
121291,response_L,1,
121466,response_L,0,
121642,response_L,-1,
121787,response_L,-2,
122282,response_Lock,-2,
124034,program_stimulus_image,images/PI/2250_NeutBaby.gif,
124110,program_stimulus_sound,,sounds/Freesound/GirlLaugh.mp3
130110,program_points_screen,,
130156,program_stimulus_sound,,sounds/reward/smallReward.mp3
132158,program_fixation_screen,,
133159,trial,11,
133159,program_decision_screen,,
134554,response_L,-1,
134730,response_L,-2,
134890,response_L,-3,
135402,response_Lock,-3,
137224,program_stimulus_image,images/PI/8400_Rafters.gif,
137291,program_stimulus_sound,,sounds/Freesound/waterfall.mp3
143293,program_points_screen,,
143339,program_stimulus_sound,,sounds/reward/bigReward.mp3
145340,program_fixation_screen,,
146341,trial,12,
146341,program_decision_screen,,
147466,response_L,3,
147642,response_L,2,
147786,response_L,1,
147914,response_L,0,
148058,response_L,-1,
148346,response_L,-2,
148474,response_L,-3,
148650,response_L,-4,
149098,response_Lock,-4,
150401,program_stimulus_image,images/NI/6821_Gang.gif,
150511,program_stimulus_sound,,sounds/IADSNA/292_MaleScream.mp3
156511,program_points_screen,,
156555,program_stimulus_sound,,sounds/reward/bigReward.mp3
158556,program_fixation_screen,,
159556,trial,13,
159556,program_decision_screen,,
161018,response_Lock,2,
163619,program_stimulus_image,images/PI/2030_Woman.gif,
163676,program_stimulus_sound,,sounds/Freesound/FemaleLaughter1.mp3
169678,program_points_screen,,
169732,program_stimulus_sound,,sounds/reward/smallReward.mp3
171732,program_fixation_screen,,
172733,trial,14,
172733,program_decision_screen,,
173370,response_L,0,
173578,response_L,-1,
173770,response_L,-2,
173978,response_L,-3,
174602,response_R,-2,
174778,response_R,-1,
174938,response_R,0,
175066,response_R,1,
175242,response_R,2,
175418,response_R,3,
175802,response_Lock,3,
176817,program_stimulus_image,images/NI/9050_PlaneCrash.gif,
176879,program_stimulus_sound,,sounds/IADSNA/501_PlaneCrash.mp3
182881,program_points_screen,,
182926,program_stimulus_sound,,sounds/reward/bigReward.mp3
184929,program_fixation_screen,,
185930,trial,15,
185930,program_decision_screen,,
187338,response_Lock,-4,
189989,program_stimulus_image,images/NI/2141_GrievingFem.gif,
190031,program_stimulus_sound,,sounds/AudioMicro/WomanCrying.mp3
196032,program_points_screen,,
196077,program_stimulus_sound,,sounds/reward/bigReward.mp3
198080,program_fixation_screen,,
199081,trial,16,
199081,program_decision_screen,,
200490,response_R,3,
200698,response_R,4,
201290,response_Lock,4,
203154,program_stimulus_image,images/PI/2791_Balloons.gif,
203219,program_stimulus_sound,,sounds/Freesound/Organ2.mp3
209221,program_points_screen,,
209276,program_stimulus_sound,,sounds/reward/bigReward.mp3
211277,program_fixation_screen,,
212279,trial,17,
212279,program_decision_screen,,
213210,response_R,-3,
213418,response_R,-2,
213642,response_R,-1,
213849,response_R,0,
214009,response_R,1,
214186,response_R,2,
214969,response_Lock,2,
216371,program_stimulus_image,images/NI/9410_Soldier.gif,
216448,program_stimulus_sound,,sounds/Freesound/panic&pain.mp3
222450,program_points_screen,,
222499,program_stimulus_sound,,sounds/reward/bigReward.mp3
224500,program_fixation_screen,,
225500,trial,18,
225500,program_decision_screen,,
226314,response_R,0,
226522,response_R,1,
226714,response_R,2,
226874,response_R,3,
227066,response_R,4,
227466,response_Lock,4,
229571,program_stimulus_image,images/NI/9911_CarAccident.gif,
229673,program_stimulus_sound,,sounds/IADSNA/424_CarWreck.mp3
235674,program_points_screen,,
235719,program_stimulus_sound,,sounds/reward/bigReward.mp3
237720,program_fixation_screen,,
238720,trial,19,
238720,program_decision_screen,,
239962,response_Lock,-3,
242781,program_stimulus_image,images/NI/9420_Soldier.gif,
242830,program_stimulus_sound,,sounds/IADSNA/706_War.mp3
248833,program_points_screen,,
248880,program_stimulus_sound,,sounds/reward/bigReward.mp3
250881,program_fixation_screen,,
251881,trial,20,
251881,program_decision_screen,,
253929,response_R,0,
254122,response_R,1,
254298,response_R,2,
254441,response_R,3,
254698,response_Lock,3,
255935,program_stimulus_image,images/PI/8461_HappyTeens.gif,
256007,program_stimulus_sound,,sounds/IADSPA/226_Laughing.mp3
262008,program_points_screen,,
262054,program_stimulus_sound,,sounds/reward/smallReward.mp3
264056,program_fixation_screen,,
265057,trial,21,
265057,program_decision_screen,,
265929,response_R,-2,
266122,response_R,-1,
266298,response_R,0,
266506,response_R,1,
266666,response_R,2,
267065,response_R,3,
267225,response_R,4,
267689,response_Lock,4,
269130,program_stimulus_image,images/PI/1540_Cat.gif,
269202,program_stimulus_sound,,sounds/Freesound/catpurring.mp3
275202,program_points_screen,,
275253,program_stimulus_sound,,sounds/reward/bigReward.mp3
277256,program_fixation_screen,,
278256,trial,22,
278256,program_decision_screen,,
278937,response_R,-1,
279145,response_R,0,
279321,response_R,1,
279498,response_R,2,
279657,response_R,3,
279817,response_R,4,
280250,response_Lock,4,
282350,program_stimulus_image,images/NI/9520_Kids.gif,
282397,program_stimulus_sound,,sounds/IADSNA/712_Buzzer.mp3
288400,program_points_screen,,
288446,program_stimulus_sound,,sounds/reward/bigReward.mp3
290449,program_fixation_screen,,
291450,trial,23,
291450,program_decision_screen,,
292538,response_L,0,
292714,response_L,-1,
292905,response_L,-2,
293049,response_L,-3,
293385,response_Lock,-3,
295796,program_stimulus_image,images/NI/3530_Attack.gif,
295846,program_stimulus_sound,,sounds/IADSNA/286_Victim.mp3
301849,program_points_screen,,
301893,program_stimulus_sound,,sounds/reward/bigReward.mp3
303894,program_fixation_screen,,
304895,trial,24,
304895,program_decision_screen,,
305945,response_R,2,
306170,response_R,3,
306345,response_R,4,
306794,response_Lock,4,
308947,program_stimulus_image,images/PI/2510_ElderlyWoman.gif,
308995,program_stimulus_sound,,sounds/Freesound/foxtrot.mp3
314998,program_points_screen,,
315045,program_stimulus_sound,,sounds/reward/bigReward.mp3
317047,program_fixation_screen,,
318048,trial,25,
318048,program_decision_screen,,
319065,response_L,3,
319241,response_L,2,
319417,response_L,1,
319625,response_L,0,
319801,response_L,-1,
319929,response_L,-2,
320105,response_L,-3,
320233,response_L,-4,
320729,response_Lock,-4,
322096,program_stimulus_image,images/NI/9910_AutoAccident.gif,
322174,program_stimulus_sound,,sounds/IADSNA/424_Carwreck.mp3
328175,program_points_screen,,
328223,program_stimulus_sound,,sounds/reward/bigReward.mp3
330224,program_fixation_screen,,
331224,trial,26,
331224,program_decision_screen,,
332121,response_R,0,
332329,response_R,1,
332553,response_R,2,
332745,response_R,3,
332921,response_R,4,
333529,response_Lock,4,
335299,program_stimulus_image,images/NI/3064_Mutilation.gif,
335345,program_stimulus_sound,,sounds/IADSNA/276_FemScream2.mp3
341346,program_points_screen,,
341394,program_stimulus_sound,,sounds/reward/bigReward.mp3
343396,program_fixation_screen,,
344396,trial,27,
344396,program_decision_screen,,
345513,response_L,-2,
345689,response_L,-3,
345993,response_L,-4,
346377,response_Lock,-4,
348472,program_stimulus_image,images/NI/3230_DyingMan.gif,
348523,program_stimulus_sound,,sounds/Freesound/EKG.mp3
354524,program_points_screen,,
354557,program_stimulus_sound,,sounds/reward/bigReward.mp3
356560,program_fixation_screen,,
357560,trial,28,
357560,program_decision_screen,,
359513,response_Lock,-4,
361610,program_stimulus_image,images/PI/2020_Adult.gif,
361656,program_stimulus_sound,,sounds/Freesound/Manlaughing_hard.mp3
367658,program_points_screen,,
367703,program_stimulus_sound,,sounds/reward/smallReward.mp3
369703,program_fixation_screen,,
370704,trial,29,
370704,program_decision_screen,,
371657,response_L,-1,
371849,response_L,-2,
372056,response_L,-3,
372201,response_L,-4,
372745,response_Lock,-4,
374783,program_stimulus_image,images/NI/3130_Mutilation.gif,
374829,program_stimulus_sound,,sounds/Freesound/mandying.mp3
380830,program_points_screen,,
380878,program_stimulus_sound,,sounds/reward/bigReward.mp3
382881,program_fixation_screen,,
383881,trial,30,
383881,program_decision_screen,,
385049,response_L,-2,
385241,response_L,-3,
385753,response_L,-4,
386361,response_Lock,-4,
388008,program_stimulus_image,images/PI/2580_Chess.gif,
388053,program_stimulus_sound,,sounds/Freesound/mansighs.mp3
394054,program_points_screen,,
394100,program_stimulus_sound,,sounds/reward/bigReward.mp3
396103,program_fixation_screen,,
397103,trial,31,
397103,program_decision_screen,,
397785,response_R,2,
397961,response_R,3,
398392,response_Lock,3,
401216,program_stimulus_image,images/NI/6560_Attack.gif,
401263,program_stimulus_sound,,sounds/IADSNA/279_Attack1.mp3
407264,program_points_screen,,
407310,program_stimulus_sound,,sounds/reward/bigReward.mp3
409310,program_fixation_screen,,
410310,trial,32,
410310,program_decision_screen,,
411272,response_R,3,
411480,response_R,4,
411928,response_Lock,4,
414365,program_stimulus_image,images/PI/2501_Couple.gif,
414431,program_stimulus_sound,,sounds/Freesound/Gullsbythesea.mp3
420432,program_points_screen,,
420477,program_stimulus_sound,,sounds/reward/smallReward.mp3
422479,program_fixation_screen,,
423480,trial,33,
423480,program_decision_screen,,
424953,response_R,2,
425129,response_R,3,
425337,response_R,4,
425577,response_Lock,4,
427546,program_stimulus_image,images/PI/2485_Man.gif,
427591,program_stimulus_sound,,sounds/IADSPA/811_Bach.mp3
433591,program_points_screen,,
433634,program_stimulus_sound,,sounds/reward/smallReward.mp3
435636,program_fixation_screen,,
436637,trial,34,
436637,program_decision_screen,,
437608,response_R,1,
437800,response_R,2,
437976,response_R,3,
438409,response_Lock,3,
440692,program_stimulus_image,images/NI/3102_BurnVictim.gif,
440746,program_stimulus_sound,,sounds/Freesound/Anguish.mp3
446748,program_points_screen,,
446793,program_stimulus_sound,,sounds/reward/bigReward.mp3
448794,program_fixation_screen,,
449795,trial,35,
449795,program_decision_screen,,
451016,response_L,-1,
451176,response_L,-2,
451688,response_Lock,-2,
453861,program_stimulus_image,images/PI/2208_Bride.gif,
453917,program_stimulus_sound,,sounds/IADSPA/820_FunkMusic.mp3
459920,program_points_screen,,
459965,program_stimulus_sound,,sounds/reward/smallReward.mp3
461965,program_fixation_screen,,
462966,trial,36,
462966,program_decision_screen,,
463848,response_Lock,1,
464056,response_Lock,1,
464184,response_Lock,1,
467024,program_stimulus_image,images/PI/8465_Runner.gif,
467070,program_stimulus_sound,,sounds/Freesound/heavybreathing.mp3
473071,program_points_screen,,
473189,program_stimulus_sound,,sounds/reward/smallReward.mp3
475189,program_fixation_screen,,
476190,trial,37,
476190,program_decision_screen,,
477112,response_L,-3,
477304,response_L,-4,
477961,response_Lock,-4,
480257,program_stimulus_image,images/NI/2800_SadChild.gif,
480302,program_stimulus_sound,,sounds/Freesound/three_chords.mp3
486304,program_points_screen,,
486349,program_stimulus_sound,,sounds/reward/bigReward.mp3
488350,program_fixation_screen,,
489351,trial,38,
489351,program_decision_screen,,
490841,response_Lock,4,
493430,program_stimulus_image,images/NI/6350_Attack.gif,
493477,program_stimulus_sound,,sounds/IADSNA/285_Attack2.mp3
499477,program_points_screen,,
499525,program_stimulus_sound,,sounds/reward/smallReward.mp3
501525,program_fixation_screen,,
502526,trial,39,
502526,program_decision_screen,,
504168,response_Lock,4,
506592,program_stimulus_image,images/NI/9265_HungMan.gif,
506642,program_stimulus_sound,,sounds/Freesound/mandying.mp3
512644,program_points_screen,,
512692,program_stimulus_sound,,sounds/reward/bigReward.mp3
514693,program_fixation_screen,,
515693,trial,40,
515693,program_decision_screen,,
516536,response_R,4,
516936,response_Lock,4,
519758,program_stimulus_image,images/NI/3150_Mutilation.gif,
519793,program_stimulus_sound,,sounds/Freesound/panic&pain.mp3
525794,program_points_screen,,
525843,program_stimulus_sound,,sounds/reward/bigReward.mp3
527843,program_fixation_screen,,
528844,trial,41,
528844,program_decision_screen,,
529832,response_L,2,
530040,response_L,1,
530456,response_Lock,1,
532939,program_stimulus_image,images/PI/7496_Street.gif,
532991,program_stimulus_sound,,sounds/Freesound/Tibetstreet.mp3
538992,program_points_screen,,
539042,program_stimulus_sound,,sounds/reward/smallReward.mp3
541045,program_fixation_screen,,
542046,trial,42,
542046,program_decision_screen,,
543080,response_Lock,-2,
546112,program_stimulus_image,images/PI/8040_Diver.gif,
546168,program_stimulus_sound,,sounds/IADSPA/351_Applause.mp3
552168,program_points_screen,,
552215,program_stimulus_sound,,sounds/reward/smallReward.mp3
554216,program_fixation_screen,,
555217,trial,43,
555217,program_decision_screen,,
556135,response_L,-2,
556280,response_L,-3,
556984,response_Lock,-3,
559283,program_stimulus_image,images/PI/1340_Women.gif,
559371,program_stimulus_sound,,sounds/IADSPA/226_Laughing.mp3
565372,program_points_screen,,
565419,program_stimulus_sound,,sounds/reward/smallReward.mp3
567422,program_fixation_screen,,
568423,trial,44,
568423,program_decision_screen,,
569944,response_Lock,4,
572503,program_stimulus_image,images/PI/2655_Child.gif,
572549,program_stimulus_sound,,sounds/Freesound/4yroldchild_laugh.mp3
578552,program_points_screen,,
578624,program_stimulus_sound,,sounds/reward/bigReward.mp3
580625,program_fixation_screen,,
581625,trial,45,
581625,program_decision_screen,,
582792,response_L,-2,
582983,response_L,-3,
583143,response_L,-4,
583639,response_Lock,-4,
585679,program_stimulus_image,images/NI/3062_Mutilation.gif,
585711,program_stimulus_sound,,sounds/Freesound/Anguish.mp3
591713,program_points_screen,,
591761,program_stimulus_sound,,sounds/reward/bigReward.mp3
593763,program_fixation_screen,,
594763,trial,46,
594763,program_decision_screen,,
595735,response_R,-2,
595912,response_R,-1,
596103,response_R,0,
596231,response_R,1,
596424,response_R,2,
596599,response_Lock,2,
598817,program_stimulus_image,images/NI/3181_BatteredFem.gif,
598864,program_stimulus_sound,,sounds/IADSNA/290_Fight.mp3
604864,program_points_screen,,
604908,program_stimulus_sound,,sounds/reward/bigReward.mp3
606912,program_fixation_screen,,
607912,trial,47,
607912,program_decision_screen,,
608840,response_Lock,-4,
611969,program_stimulus_image,images/NI/2352_2_BloodyKiss.gif,
612016,program_stimulus_sound,,sounds/IADSNA/277_FemScream3.mp3
618019,program_points_screen,,
618064,program_stimulus_sound,,sounds/reward/smallReward.mp3
620065,program_fixation_screen,,
621065,trial,48,
621065,program_decision_screen,,
621767,response_R,-3,
621943,response_R,-2,
622135,response_R,-1,
622504,response_R,0,
622920,response_R,1,
623464,response_Lock,1,
625128,program_stimulus_image,images/NI/3010_mutilation.gif,
625179,program_stimulus_sound,,sounds/Freesound/KnifeSharpen.mp3
631180,program_points_screen,,
631228,program_stimulus_sound,,sounds/reward/bigReward.mp3
633228,program_fixation_screen,,
634228,trial,49,
634228,program_decision_screen,,
635223,response_R,1,
635399,response_R,2,
635575,response_R,3,
635719,response_R,4,
636103,response_Lock,4,
638316,program_stimulus_image,images/PI/5720_FarmLand.gif,
638392,program_stimulus_sound,,sounds/SimplyTheBest/crickets.mp3
644394,program_points_screen,,
644440,program_stimulus_sound,,sounds/reward/smallReward.mp3
646443,program_fixation_screen,,
647443,trial,50,
647443,program_decision_screen,,
648087,response_R,4,
648583,response_Lock,4,
651558,program_stimulus_image,images/NI/3350_Infant.gif,
651608,program_stimulus_sound,,sounds/Freesound/babycry.mp3
657610,program_points_screen,,
657668,program_stimulus_sound,,sounds/reward/bigReward.mp3
659670,program_fixation_screen,,
660671,trial,51,
660671,program_decision_screen,,
661255,response_Lock,1,
661543,response_Lock,1,
664729,program_stimulus_image,images/NI/3500_Attack.gif,
664783,program_stimulus_sound,,sounds/IADSNA/286_Victim.mp3
670784,program_points_screen,,
670827,program_stimulus_sound,,sounds/reward/bigReward.mp3
672828,program_fixation_screen,,
673829,trial,52,
673829,program_decision_screen,,
675127,response_L,0,
675639,response_L,-1,
675799,response_L,-2,
676103,response_L,-3,
676279,response_L,-4,
676678,response_Lock,-4,
677865,program_stimulus_image,images/PI/2340_Family.gif,
677898,program_stimulus_sound,,sounds/Freesound/Manlaughing_hard.mp3
683900,program_points_screen,,
683944,program_stimulus_sound,,sounds/reward/smallReward.mp3
685947,program_fixation_screen,,
686947,trial,53,
686947,program_decision_screen,,
688167,response_Lock,-4,
691000,program_stimulus_image,images/NI/3120_DeadBody.gif,
691047,program_stimulus_sound,,sounds/Freesound/KnifeSharpen.mp3
697049,program_points_screen,,
697094,program_stimulus_sound,,sounds/reward/bigReward.mp3
699097,program_fixation_screen,,
700098,trial,54,
700098,program_decision_screen,,
700903,response_R,4,
701239,response_Lock,4,
704174,program_stimulus_image,images/NI/3301_InjuredChild.gif,
704231,program_stimulus_sound,,sounds/AudioMicro/WomanCrying.mp3
710231,program_points_screen,,
710278,program_stimulus_sound,,sounds/reward/bigReward.mp3
712279,program_fixation_screen,,
713279,trial,55,
713279,program_decision_screen,,
714631,response_L,3,
714823,response_L,2,
715014,response_L,1,
715207,response_L,0,
715383,response_L,-1,
715575,response_L,-2,
715766,response_L,-3,
715959,response_L,-4,
716342,response_Lock,-4,
717340,program_stimulus_image,images/PI/8510_SportCar.gif,
717384,program_stimulus_sound,,sounds/Freesound/ferrari.mp3
723385,program_points_screen,,
723430,program_stimulus_sound,,sounds/reward/bigReward.mp3
725431,program_fixation_screen,,
726431,trial,56,
726431,program_decision_screen,,
727783,response_R,-2,
727991,response_R,-1,
728295,response_R,0,
728455,response_R,1,
728598,response_R,2,
728758,response_R,3,
729094,response_Lock,3,
730493,program_stimulus_image,images/PI/8380_Athletes.gif,
730538,program_stimulus_sound,,sounds/IADSPA/351_Applause.mp3
736541,program_points_screen,,
736586,program_stimulus_sound,,sounds/reward/smallReward.mp3
738586,program_fixation_screen,,
739587,trial,57,
739587,program_decision_screen,,
740982,response_L,-3,
741127,response_L,-4,
741671,response_Lock,-4,
743648,program_stimulus_image,images/PI/8420_Tubing.gif,
743775,program_stimulus_sound,,sounds/SimplyTheBest/river.mp3
749776,program_points_screen,,
749821,program_stimulus_sound,,sounds/reward/bigReward.mp3
751822,program_fixation_screen,,
752822,trial,58,
752822,program_decision_screen,,
753879,response_R,-1,
754054,response_R,0,
754247,response_R,1,
754406,response_R,2,
754566,response_R,3,
754758,response_R,4,
755142,response_Lock,4,
756875,program_stimulus_image,images/NI/3061_Mutilation.gif,
756924,program_stimulus_sound,,sounds/IADSNA/276_FemScream2.mp3
762924,program_points_screen,,
762969,program_stimulus_sound,,sounds/reward/bigReward.mp3
764970,program_fixation_screen,,
765971,trial,59,
765971,program_decision_screen,,
766742,response_R,-3,
766950,response_R,-2,
767302,response_R,-1,
767478,response_R,0,
767606,response_R,1,
767751,response_R,2,
768007,response_R,3,
768118,response_R,4,
768598,response_Lock,4,
770025,program_stimulus_image,images/NI/9050_PlaneCrash.gif,
770071,program_stimulus_sound,,sounds/IADSNA/501_PlaneCrash.mp3
776072,program_points_screen,,
776121,program_stimulus_sound,,sounds/reward/bigReward.mp3
778121,program_fixation_screen,,
779121,trial,60,
779121,program_decision_screen,,
780278,response_L,-1,
780486,response_L,-2,
780678,response_L,-3,
780886,response_L,-4,
781238,response_Lock,-4,
783174,program_stimulus_image,images/NI/2141_GrievingFem.gif,
783225,program_stimulus_sound,,sounds/AudioMicro/WomanCrying.mp3
789226,program_points_screen,,
789275,program_stimulus_sound,,sounds/reward/bigReward.mp3
791277,program_fixation_screen,,
792277,trial,61,
792277,program_decision_screen,,
793463,response_L,-1,
793702,response_L,-2,
793894,response_L,-3,
794070,response_L,-4,
794502,response_Lock,-4,
796348,program_stimulus_image,images/PI/2150_Baby.gif,
796392,program_stimulus_sound,,sounds/IADSPA/111_MusicBox.mp3
802394,program_points_screen,,
802448,program_stimulus_sound,,sounds/reward/smallReward.mp3
804449,program_fixation_screen,,
805450,trial,62,
805450,program_decision_screen,,
805990,response_R,-3,
806198,response_R,-2,
806390,response_R,-1,
806550,response_R,0,
807750,response_R,1,
807926,response_R,2,
808022,response_R,3,
808230,response_R,4,
808422,response_Lock,4,
809532,program_stimulus_image,images/PI/8116_Football.gif,
809577,program_stimulus_sound,,sounds/IADSPA/362_Football.mp3
815580,program_points_screen,,
815624,program_stimulus_sound,,sounds/reward/bigReward.mp3
817625,program_fixation_screen,,
818625,trial,63,
818625,program_decision_screen,,
819830,response_Lock,-4,
822722,program_stimulus_image,images/PI/7140_Bus.gif,
822767,program_stimulus_sound,,sounds/IADSPA/820_FunkMusic.mp3
828769,program_points_screen,,
828819,program_stimulus_sound,,sounds/reward/smallReward.mp3
830820,program_fixation_screen,,
831821,trial,64,
831823,program_decision_screen,,
832469,response_Lock,2,
832758,response_Lock,2,
835876,program_stimulus_image,images/NI/9420_Soldier.gif,
835980,program_stimulus_sound,,sounds/IADSNA/706_War.mp3
841980,program_points_screen,,
842041,program_stimulus_sound,,sounds/reward/bigReward.mp3
844043,program_fixation_screen,,
845044,trial,65,
845044,program_decision_screen,,
846294,response_R,-1,
846534,response_R,0,
846742,response_R,1,
847062,response_Lock,1,
849133,program_stimulus_image,images/NI/9433_DeadMan.gif,
849258,program_stimulus_sound,,sounds/Freesound/Fall_Screaming.mp3
855260,program_points_screen,,
855310,program_stimulus_sound,,sounds/reward/bigReward.mp3
857312,program_fixation_screen,,
858312,trial,66,
858312,program_decision_screen,,
859462,response_L,-4,
859782,response_Lock,-4,
862368,program_stimulus_image,images/NI/9520_Kids.gif,
862417,program_stimulus_sound,,sounds/IADSNA/712_Buzzer.mp3
868418,program_points_screen,,
868465,program_stimulus_sound,,sounds/reward/bigReward.mp3
870466,program_fixation_screen,,
871466,trial,67,
871466,program_decision_screen,,
872486,response_L,1,
872694,response_L,0,
872998,response_L,-1,
873174,response_L,-2,
873269,response_L,-3,
873462,response_L,-4,
874101,response_Lock,-4,
875527,program_stimulus_image,images/NI/3530_Attack.gif,
875574,program_stimulus_sound,,sounds/IADSNA/286_Victim.mp3
881576,program_points_screen,,
881617,program_stimulus_sound,,sounds/reward/bigReward.mp3
883619,program_fixation_screen,,
884620,trial,68,
884620,program_decision_screen,,
885206,response_R,1,
885414,response_R,2,
885637,response_R,3,
885813,response_R,4,
886166,response_Lock,4,
888672,program_stimulus_image,images/NI/9910_AutoAccident.gif,
888757,program_stimulus_sound,,sounds/IADSNA/424_Carwreck.mp3
894758,program_points_screen,,
894801,program_stimulus_sound,,sounds/reward/bigReward.mp3
896802,program_fixation_screen,,
897803,trial,69,
897803,program_decision_screen,,
898517,response_R,4,
899013,response_Lock,4,
901854,program_stimulus_image,images/PI/2487_Musician.gif,
901899,program_stimulus_sound,,sounds/Freesound/nylon2.mp3
907899,program_points_screen,,
907947,program_stimulus_sound,,sounds/reward/bigReward.mp3
909949,program_fixation_screen,,
910950,trial,70,
910950,program_decision_screen,,
912149,response_R,3,
912374,response_R,4,
912661,response_Lock,4,
915002,program_stimulus_image,images/PI/2560_Picnic.gif,
915110,program_stimulus_sound,,sounds/IADSPA/230_Giggling.mp3
921111,program_points_screen,,
921169,program_stimulus_sound,,sounds/reward/smallReward.mp3
923172,program_fixation_screen,,
924172,trial,71,
924172,program_decision_screen,,
925093,response_Lock,3,
928225,program_stimulus_image,images/NI/3230_DyingMan.gif,
928272,program_stimulus_sound,,sounds/Freesound/EKG.mp3
934273,program_points_screen,,
934305,program_stimulus_sound,,sounds/reward/bigReward.mp3
936308,program_fixation_screen,,
937309,trial,72,
937309,program_decision_screen,,
937701,response_Lock,0,
941363,program_stimulus_image,images/PI/2020_Adult.gif,
941407,program_stimulus_sound,,sounds/Freesound/Manlaughing_hard.mp3
947410,program_points_screen,,
947471,program_stimulus_sound,,sounds/reward/smallReward.mp3
949473,program_fixation_screen,,
950473,trial,73,
950473,program_decision_screen,,
951174,response_R,2,
951781,response_R,3,
951973,response_R,4,
952453,response_Lock,4,
954511,program_stimulus_image,images/NI/3130_Mutilation.gif,
954549,program_stimulus_sound,,sounds/Freesound/mandying.mp3
960549,program_points_screen,,
960595,program_stimulus_sound,,sounds/reward/bigReward.mp3
962597,program_fixation_screen,,
963599,trial,74,
963599,program_decision_screen,,
964565,response_L,1,
965589,response_L,0,
965909,response_L,-1,
966069,response_L,-2,
966213,response_L,-3,
966373,response_L,-4,
966789,response_Lock,-4,
967660,program_stimulus_image,images/PI/2310_Mother.gif,
967705,program_stimulus_sound,,sounds/Freesound/eio.mp3
973707,program_points_screen,,
973753,program_stimulus_sound,,sounds/reward/smallReward.mp3
975754,program_fixation_screen,,
976754,trial,75,
976754,program_decision_screen,,
977797,response_R,-1,
978021,response_R,0,
978229,response_R,1,
978357,response_R,2,
978629,response_Lock,2,
980826,program_stimulus_image,images/PI/4603_Romance.gif,
980877,program_stimulus_sound,,sounds/IADSPA/230_Giggling.mp3
986877,program_points_screen,,
986925,program_stimulus_sound,,sounds/reward/smallReward.mp3
988927,program_fixation_screen,,
989927,trial,76,
989927,program_decision_screen,,
990661,response_R,0,
990917,response_R,1,
991092,response_R,2,
991333,response_R,3,
991861,response_Lock,3,
993966,program_stimulus_image,images/PI/4598_Couple.gif,
993997,program_stimulus_sound,,sounds/Freesound/manlaugh.mp3
999998,program_points_screen,,
1000046,program_stimulus_sound,,sounds/reward/smallReward.mp3
1002047,program_fixation_screen,,
1003048,trial,77,
1003048,program_decision_screen,,
1004293,response_L,1,
1004533,response_L,0,
1004709,response_L,-1,
1004949,response_L,-2,
1005140,response_L,-3,
1005253,response_L,-4,
1005701,response_Lock,-4,
1007111,program_stimulus_image,images/NI/3080_Mutilation.gif,
1007156,program_stimulus_sound,,sounds/IADSNA/287_CardiacArrest.mp3
1013158,program_points_screen,,
1013203,program_stimulus_sound,,sounds/reward/bigReward.mp3
1015205,program_fixation_screen,,
1016206,trial,78,
1016206,program_decision_screen,,
1016741,response_L,-4,
1017556,response_Lock,-4,
1020262,program_stimulus_image,images/NI/3102_BurnVictim.gif,
1020377,program_stimulus_sound,,sounds/Freesound/Anguish.mp3
1026378,program_points_screen,,
1026409,program_stimulus_sound,,sounds/reward/bigReward.mp3
1028412,program_fixation_screen,,
1029412,trial,79,
1029412,program_decision_screen,,
1030052,response_L,-4,
1030581,response_Lock,-4,
1033530,program_stimulus_image,images/PI/5455_Cockpit.gif,
1033577,program_stimulus_sound,,sounds/Freesound/atc6.mp3
1039578,program_points_screen,,
1039624,program_stimulus_sound,,sounds/reward/bigReward.mp3
1041625,program_fixation_screen,,
1042625,trial,80,
1042625,program_decision_screen,,
1043684,response_L,3,
1043957,response_L,2,
1044196,response_L,1,
1044405,response_L,0,
1044629,response_L,-1,
1044789,response_L,-2,
1045268,response_Lock,-2,
1046680,program_stimulus_image,images/NI/9921_Fire.gif,
1046725,program_stimulus_sound,,sounds/Freesound/Hellfire.mp3
1052727,program_points_screen,,
1052772,program_stimulus_sound,,sounds/reward/smallReward.mp3
1054773,program_fixation_screen,,
1055773,trial,81,
1055773,program_decision_screen,,
1056484,response_Lock,1,
1059826,program_stimulus_image,images/NI/2800_SadChild.gif,
1059872,program_stimulus_sound,,sounds/Freesound/three_chords.mp3
1065873,program_points_screen,,
1065923,program_stimulus_sound,,sounds/reward/bigReward.mp3
1067924,program_fixation_screen,,
1068924,trial,82,
1068924,program_decision_screen,,
1069829,response_R,-2,
1070068,response_R,-1,
1070293,response_R,0,
1070532,response_R,1,
1070740,response_R,2,
1070932,response_R,3,
1071173,response_R,4,
1071556,response_Lock,4,
1072977,program_stimulus_image,images/NI/6350_Attack.gif,
1073025,program_stimulus_sound,,sounds/IADSNA/285_Attack2.mp3
1079031,program_points_screen,,
1079080,program_stimulus_sound,,sounds/reward/bigReward.mp3
1081081,program_fixation_screen,,
1082081,trial,83,
1082081,program_decision_screen,,
1083381,response_Lock,-3,
1086151,program_stimulus_image,images/NI/9265_HungMan.gif,
1086211,program_stimulus_sound,,sounds/Freesound/mandying.mp3
1092214,program_points_screen,,
1092258,program_stimulus_sound,,sounds/reward/smallReward.mp3
1094261,program_fixation_screen,,
1095261,trial,84,
1095261,program_decision_screen,,
1096948,response_R,0,
1097220,response_R,1,
1097444,response_R,2,
1097669,response_R,3,
1097876,response_R,4,
1098341,response_Lock,4,
1099336,program_stimulus_image,images/PI/5201_Nature.gif,
1099396,program_stimulus_sound,,sounds/IADSPA/152_Tropical.mp3
1105397,program_points_screen,,
1105545,program_stimulus_sound,,sounds/reward/bigReward.mp3
1107548,program_fixation_screen,,
1108549,trial,85,
1108549,program_decision_screen,,
1109652,response_L,2,
1109876,response_L,1,
1110068,response_L,0,
1110276,response_L,-1,
1110500,response_L,-2,
1110644,response_L,-3,
1110804,response_L,-4,
1111188,response_Lock,-4,
1112601,program_stimulus_image,images/NI/3150_Mutilation.gif,
1112647,program_stimulus_sound,,sounds/Freesound/panic&pain.mp3
1118648,program_points_screen,,
1118697,program_stimulus_sound,,sounds/reward/bigReward.mp3
1120699,program_fixation_screen,,
1121699,trial,86,
1121699,program_decision_screen,,
1122884,response_Lock,-1,
1125765,program_stimulus_image,images/NI/9252_DeadBody.gif,
1125811,program_stimulus_sound,,sounds/IADSNA/292_MaleScream.mp3
1131812,program_points_screen,,
1131860,program_stimulus_sound,,sounds/reward/smallReward.mp3
1133861,program_fixation_screen,,
1134863,trial,87,
1134863,program_decision_screen,,
1136244,response_Lock,-4,
1138924,program_stimulus_image,images/PI/2372_Woman.gif,
1138971,program_stimulus_sound,,sounds/Freesound/chalkwriting.mp3
1144972,program_points_screen,,
1145017,program_stimulus_sound,,sounds/reward/bigReward.mp3
1147019,program_fixation_screen,,
1148019,trial,88,
1148019,program_decision_screen,,
1148948,response_R,-2,
1149172,response_R,-1,
1149380,response_R,0,
1149555,response_R,1,
1149748,response_R,2,
1149940,response_R,3,
1150148,response_R,4,
1150467,response_Lock,4,
1152077,program_stimulus_image,images/NI/3110_BurnVictim.gif,
1152122,program_stimulus_sound,,sounds/IADSNA/277_FemScream3.mp3
1158124,program_points_screen,,
1158168,program_stimulus_sound,,sounds/reward/bigReward.mp3
1160170,program_fixation_screen,,
1161171,trial,89,
1161171,program_decision_screen,,
1162307,response_L,3,
1162548,response_L,2,
1162756,response_L,1,
1162964,response_L,0,
1163139,response_L,-1,
1163347,response_L,-2,
1163572,response_L,-3,
1163748,response_L,-4,
1164196,response_Lock,-4,
1165227,program_stimulus_image,images/PI/1340_Women.gif,
1165275,program_stimulus_sound,,sounds/IADSPA/226_Laughing.mp3
1171277,program_points_screen,,
1171327,program_stimulus_sound,,sounds/reward/smallReward.mp3
1173328,program_fixation_screen,,
1174328,trial,90,
1174328,program_decision_screen,,
1175347,response_L,-3,
1175524,response_L,-4,
1175940,response_Lock,-4,
1178381,program_stimulus_image,images/NI/3062_Mutilation.gif,
1178429,program_stimulus_sound,,sounds/Freesound/Anguish.mp3
1184430,program_points_screen,,
1184486,program_stimulus_sound,,sounds/reward/bigReward.mp3
1186488,program_end_screen,,
1186488,program_fixation_screen,,
1188541,program_stimulus_sound,,sounds/reward/lastScreen.wav
1188541,program_awards_screen,,
